[ { "name": "QuickStart AngularJS", "category": "Development", "timeline": 30, "price": 25 }, { "name": "How to Draft a Business Plan", "category": "Business", "timeline": 20, "price": 99 }, { "name": "Body Language for Entrepreneurs", "category": "Personal Development", "timeline": 40, "price": 199 }, { "name": "User Experience Design Fundamentals", "category": "Design", "timeline": 20, "price": 20 }, { "name": "Google Adwords for Beginners", "category": "Marketing", "timeline": 25, "price": 599 } ]